
INSERT INTO FUNCIONARIO (codigo_funcionario, nome) VALUES (103,'Gustavo Henrique Amadio');
INSERT INTO FUNCIONARIO (codigo_funcionario, nome) VALUES (223,'Lucas Vitoriano da Silva');
INSERT INTO FUNCIONARIO (codigo_funcionario, nome) VALUES (333,'Gizelle Guanabara Gomez');
INSERT INTO FUNCIONARIO (codigo_funcionario, nome) VALUES (433,'José Ronaldo da Silva');
INSERT INTO FUNCIONARIO (codigo_funcionario, nome) VALhospedagemUES (501,'Graça Araujo de Lima');
INSERT INTO FUNCIONARIO (codigo_funcionario, nome) VALUES (342,'Tales Henrique Amadio');
INSERT INTO FUNCIONARIO (codigo_funcionario, nome) VALUES (486,'Mario Vitoriano da Silva');
INSERT INTO FUNCIONARIO (codigo_funcionario, nome) VALUES (435,'Marcia Guanabara Gomez');
INSERT INTO FUNCIONARIO (codigo_funcionario, nome) VALUES (109,'José Carlos da Silva');
INSERT INTO FUNCIONARIO (codigo_funcionario, nome) VALUES (657,'Graça Aranha de Souza');
INSERT INTO FUNCIONARIO (codigo_funcionario, nome) VALUES (853,'Gustavo Henrique Amadio');
INSERT INTO FUNCIONARIO (codigo_funcionario, nome) VALUES (856,'Lucas Carlos Sá da Silva');
INSERT INTO FUNCIONARIO (codigo_funcionario, nome) VALUES (546,'Gabriela Atunes Gomez');



INSERT INTO HOSPEDE (codigo_hospede, nome, motivo_hospedagem, numero_contato) VALUES (1,'Felipe Garcia','Viagem de férias','+558198111-1098');
INSERT INTO HOSPEDE (codigo_hospede, nome, motivo_hospedagem, numero_contato) VALUES (2,'Lucas Velozo','Viagem de trabalho','+558198334-0990');
INSERT INTO HOSPEDE (codigo_hospede, nome, motivo_hospedagem, numero_contato) VALUES (3,'Ingrid Victória','Dia especial com esposa','+558198139-7678');
INSERT INTO HOSPEDE (codigo_hospede, nome, motivo_hospedagem, numero_contato) VALUES (4,'Vitoriano Henrique','Cheguei recentemente no estado e queria me abrigar','+558198113-5880');
INSERT INTO HOSPEDE (codigo_hospede, nome, motivo_hospedagem, numero_contato) VALUES (5,'Ygor Libriano','Visitando a região','+558199778-7788');
INSERT INTO HOSPEDE (codigo_hospede, nome, motivo_hospedagem, numero_contato) VALUES (6,'Iranir Fonseca','Viagem por conta do trabalho','+558195678-9685');
INSERT INTO HOSPEDE (codigo_hospede, nome, motivo_hospedagem, numero_contato) VALUES (7,'João Aluizio','Queria ver como um hotel funciona por dentro','+558199888-7784');
INSERT INTO HOSPEDE (codigo_hospede, nome, motivo_hospedagem, numero_contato) VALUES (8,'Nura Vitória','Não tinha onde passar a noite','+558196685-1124');
INSERT INTO HOSPEDE (codigo_hospede, nome, motivo_hospedagem, numero_contato) VALUES (9,'Amélia Santos','Não tenho tantos motivos','+558191168-5788');
INSERT INTO HOSPEDE (codigo_hospede, nome, motivo_hospedagem, numero_contato) VALUES (10,'Lucas Henrique','Viagem de mudança','+558199009-3357');
INSERT INTO HOSPEDE (codigo_hospede, nome, motivo_hospedagem, numero_contato) VALUES (11,'Receba Amants','Férias','+558191130-8906');
INSERT INTO HOSPEDE (codigo_hospede, nome, motivo_hospedagem, numero_contato) VALUES (12,'Bruna Oliveira','Região bonita para passar uns dias','+558193339-1345');
INSERT INTO HOSPEDE (codigo_hospede, nome, motivo_hospedagem, numero_contato) VALUES (13,'Diego Santiago','Não sei','+558192258-9907');


INSERT INTO RESERVA (codigo_reserva, data_reserva, numero_quarto, tipo_quarto) VALUES (1111,'13/08/2021','01', 3);
INSERT INTO RESERVA (codigo_reserva, data_reserva, numero_quarto, tipo_quarto) VALUES (2222,'29/08/2021','04', 3);
INSERT INTO RESERVA (codigo_reserva, data_reserva, numero_quarto, tipo_quarto) VALUES (3333,'29/08/2021','13', 3);
INSERT INTO RESERVA (codigo_reserva, data_reserva, numero_quarto, tipo_quarto) VALUES (4444,'16/08/2021','20', 1);
INSERT INTO RESERVA (codigo_reserva, data_reserva, numero_quarto, tipo_quarto) VALUES (5555,'21/08/2021','02', 2);
INSERT INTO RESERVA (codigo_reserva, data_reserva, numero_quarto, tipo_quarto) VALUES (6666,'27/08/2021','05', 4);
INSERT INTO RESERVA (codigo_reserva, data_reserva, numero_quarto, tipo_quarto) VALUES (7777,'13/08/2021','06', 1);
INSERT INTO RESERVA (codigo_reserva, data_reserva, numero_quarto, tipo_quarto) VALUES (8888,'19/08/2021','08', 3);
INSERT INTO RESERVA (codigo_reserva, data_reserva, numero_quarto, tipo_quarto) VALUES (9999,'14/08/2021','09', 2);
INSERT INTO RESERVA (codigo_reserva, data_reserva, numero_quarto, tipo_quarto) VALUES (1010,'16/08/2021','11', 1);
INSERT INTO RESERVA (codigo_reserva, data_reserva, numero_quarto, tipo_quarto) VALUES (1212,'16/08/2021','15', 4);
INSERT INTO RESERVA (codigo_reserva, data_reserva, numero_quarto, tipo_quarto) VALUES (1313,'22/08/2021','16', 2);
INSERT INTO RESERVA (codigo_reserva, data_reserva, numero_quarto, tipo_quarto) VALUES (1414,'25/08/2021','18', 3);


INSERT INTO TIPO_QUARTO (codigo_tipo_quarto, acomodacao) VALUES (1,'1 Quarto');
INSERT INTO TIPO_QUARTO (codigo_tipo_quarto, acomodacao) VALUES (2,'2 Quartos');
INSERT INTO TIPO_QUARTO (codigo_tipo_quarto, acomodacao) VALUES (3,'2 Quatos sendo 1 suíte'); 
INSERT INTO TIPO_QUARTO (codigo_tipo_quarto, acomodacao) VALUES (4,'2 Quartos com 1 banheira de hidromassagem');



INSERT INTO QUARTO (numero_quarto, status_quarto) VALUES (1, 'preenchido');
INSERT INTO QUARTO (numero_quarto, status_quarto) VALUES (2, 'preenchido');
INSERT INTO QUARTO (numero_quarto, status_quarto) VALUES (3, 'vago');
INSERT INTO QUARTO (numero_quarto, status_quarto) VALUES (4, 'preenchido');
INSERT INTO QUARTO (numero_quarto, status_quarto) VALUES (5, 'preenchido');
INSERT INTO QUARTO (numero_quarto, status_quarto) VALUES (6, 'preenchido');
INSERT INTO QUARTO (numero_quarto, status_quarto) VALUES (7, 'vago');
INSERT INTO QUARTO (numero_quarto, status_quarto) VALUES (8, 'preenchido');
INSERT INTO QUARTO (numero_quarto, status_quarto) VALUES (9, 'preenchido');
INSERT INTO QUARTO (numero_quarto, status_quarto) VALUES (10, 'vago');
INSERT INTO QUARTO (numero_quarto, status_quarto) VALUES (11, 'preenchido');
INSERT INTO QUARTO (numero_quarto, status_quarto) VALUES (12, 'vago');
INSERT INTO QUARTO (numero_quarto, status_quarto) VALUES (13, 'preenchido');
INSERT INTO QUARTO (numero_quarto, status_quarto) VALUES (14, 'vago');
INSERT INTO QUARTO (numero_quarto, status_quarto) VALUES (15, 'preenchido');
INSERT INTO QUARTO (numero_quarto, status_quarto) VALUES (16, 'preenchido');
INSERT INTO QUARTO (numero_quarto, status_quarto) VALUES (17, 'vago');
INSERT INTO QUARTO (numero_quarto, status_quarto) VALUES (18, 'preenchido');
INSERT INTO QUARTO (numero_quarto, status_quarto) VALUES (19, 'vago');
INSERT INTO QUARTO (numero_quarto, status_quarto) VALUES (20, 'preenchido');



INSERT INTO HOSPEDAGEM (codigo_hospedagem, status_hospedagem, forma_pagamento, preco_normal, checkin, checkout)  
VALUES (1,'validada', 'debito', 550.00, dayname('2021-08-02'), dayname('2021-08-07'));
INSERT INTO HOSPEDAGEM (codigo_hospedagem, status_hospedagem, forma_pagamento, preco_normal, checkin, checkout)  
VALUES (2,'negada', NULL, 550.00, dayname('2021-08-03'), dayname('2021-08-05'));
INSERT INTO HOSPEDAGEM (codigo_hospedagem, status_hospedagem, forma_pagamento, preco_normal, checkin, checkout)  
VALUES (3,'validada','credito', 550.00,dayname('2021-08-06'), dayname('2021-08-10'));
INSERT INTO HOSPEDAGEM (codigo_hospedagem, status_hospedagem, forma_pagamento, preco_normal, checkin, checkout)  
VALUES (4,'validada','debito', 550.00,dayname('2021-08-05'), dayname('2021-08-08'));
INSERT INTO HOSPEDAGEM (codigo_hospedagem, status_hospedagem, forma_pagamento, preco_normal, checkin, checkout)  
VALUES (5,'validada','credito', 550.00,dayname('2021-08-13'), dayname('2021-08-15'));
INSERT INTO HOSPEDAGEM (codigo_hospedagem, status_hospedagem, forma_pagamento, preco_normal, checkin, checkout)  
VALUES (6,'validada','debito', 550.00,dayname('2021-08-14'), dayname('2021-08-18'));
INSERT INTO HOSPEDAGEM (codigo_hospedagem, status_hospedagem, forma_pagamento, preco_normal, checkin, checkout)  
VALUES (7,'validada','debito', 550.00,dayname('2021-08-15'), dayname('2021-08-21'));
INSERT INTO HOSPEDAGEM (codigo_hospedagem, status_hospedagem, forma_pagamento, preco_normal, checkin, checkout)  
VALUES (8,'validada','debito', 550.00,dayname('2021-08-20'), dayname('2021-08-26'));
INSERT INTO HOSPEDAGEM (codigo_hospedagem, status_hospedagem, forma_pagamento, preco_normal, checkin, checkout)  
VALUES (9,'validada','credito', 550.00,dayname('2021-08-21'), dayname('2021-08-23'));
INSERT INTO HOSPEDAGEM (codigo_hospedagem, status_hospedagem, forma_pagamento, preco_normal, checkin, checkout)  
VALUES (10,'validada','credito', 550.00,dayname('2021-08-21'), dayname('2021-08-27'));
INSERT INTO HOSPEDAGEM (codigo_hospedagem, status_hospedagem, forma_pagamento, preco_normal, checkin, checkout)  
VALUES (11,'validada','credito', 550.00,dayname('2021-08-25'), dayname('2021-08-29'));
INSERT INTO HOSPEDAGEM (codigo_hospedagem, status_hospedagem, forma_pagamento, preco_normal, checkin, checkout)  
VALUES (12,'validada','credito', 550.00,dayname('2021-08-27'), dayname('2021-08-30'));
INSERT INTO HOSPEDAGEM (codigo_hospedagem, status_hospedagem, forma_pagamento, preco_normal, checkin, checkout)  
VALUES (13,'validada','credito', 550.00,dayname('2021-08-23'), dayname('2021-08-27'));
INSERT INTO HOSPEDAGEM (codigo_hospedagem, status_hospedagem, forma_pagamento, preco_normal, checkin, checkout)  
VALUES (14,'negada', NULL, 550.00,dayname('2021-08-24'), dayname('2021-08-30'));
INSERT INTO HOSPEDAGEM (codigo_hospedagem, status_hospedagem, forma_pagamento, preco_normal, checkin, checkout)  
VALUES (15,'negada', NULL, 550.00,dayname('2021-08-28'), dayname('2021-08-30'));
